8, True PN
14, True PN
10, True PN
9, True PN
12, True PN
11, True PN
15, True PN
20, True PN
17, True PN
21, True PN
19, True PN
13, True PN
22, True PN
23, True PN
26, True PN
29, True PN
27, True PN
25, True PN
16, True PN
24, True PN
30, True PN
35, True PN
28, True PN
32, True PN
31, True PN
33, True PN
37, True PN
38, True PN
34, True PN
40, True PN
41, True PN
43, True PN
42, True PN
45, True PN
46, True PN
44, True PN
47, True PN
49, True PN
51, True PN
39, True PN
52, True PN
57, Possible PN
54, True PN
59, True PN
50, True PN
48, True PN
61, Likely PN
58, True PN
60, True PN
64, True PN
66, True PN
67, True PN
63, True PN
65, True PN
74, True PN
62, True PN
68, True PN
72, True PN
73, True PN
75, True PN
69, True PN
71, True PN
76, True PN
70, True PN
77, True PN
81, True PN
83, True PN
84, True PN
82, True PN
88, True PN
79, True PN
87, True PN
89, True PN
90, True PN
86, True PN
85, True PN
93, True PN
95, True PN
92, True PN
91, True PN
96, True PN
98, True PN
102, True PN
100, True PN
103, True PN
104, True PN
105, True PN
101, True PN
94, True PN
106, True PN
110, True PN
78, True PN
107, True PN
109, True PN
116, True PN
108, True PN
117, True PN
113, True PN
112, True PN
114, True PN
119, True PN
111, True PN
125, True PN
115, True PN
120, Possible PN
128, True PN
124, True PN
118, Likely PN
127, True PN
126, True PN
132, True PN
131, True PN
129, True PN
134, True PN
130, True PN
137, True PN
136, True PN
139, True PN
135, True PN
143, Likely PN
123, True PN
138, True PN
145, True PN
141, True PN
140, True PN
149, True PN
150, True PN
142, True PN
148, True PN
152, True PN
133, True PN
154, True PN
147, Likely PN
155, True PN
156, True PN
158, True PN
161, True PN
151, True PN
157, True PN
153, True PN
159, True PN
164, True PN
163, Likely PN
160, True PN
167, True PN
162, True PN
165, True PN
166, True PN
168, True PN
170, True PN
169, True PN
175, True PN
176, True PN
177, True PN
182, True PN
174, True PN
179, True PN
172, True PN
183, True PN
178, True PN
180, True PN
187, True PN
186, True PN
181, True PN
171, True PN
185, True PN
190, True PN
192, True PN
194, True PN
188, True PN
191, True PN
198, True PN
197, True PN
199, True PN
201, True PN
200, True PN
184, True PN
195, True PN
193, True PN
202, True PN
204, True PN
189, True PN
208, True PN
207, True PN
205, True PN
212, True PN
214, True PN
210, True PN
215, True PN
217, True PN
220, True PN
221, True PN
219, Likely PN
211, True PN
222, True PN
223, True PN
227, True PN
218, True PN
229, True PN
228, True PN
230, True PN
231, True PN
233, True PN
234, True PN
226, True PN
238, Likely PN
236, True PN
235, True PN
209, True PN
241, True PN
239, True PN
244, True PN
224, True PN
246, True PN
242, True PN
243, True PN
250, True PN
206, True PN
240, Possible PN
251, True PN
255, True PN
253, True PN
249, True PN
258, True PN
259, True PN
260, True PN
257, True PN
261, True PN
247, True PN
262, True PN
263, True PN
248, True PN
265, True PN
266, True PN
264, Possible PN
267, True PN
268, True PN
270, True PN
263, True PN
256, Likely PN
271, True PN
272, True PN
274, Likely PN
269, True PN
277, True PN
273, True PN
278, Possible PN
276, True PN
282, True PN
283, True PN
279, True PN
280, True PN
285, True PN
287, True PN
286, True PN
290, True PN
275, True PN
288, True PN
281, True PN
293, True PN
292, True PN
291, True PN
294, True PN
289, True PN
297, Likely PN
298, True PN
295, True PN
300, True PN
284, True PN
296, True PN
303, True PN
305, True PN
302, True PN
307, True PN
301, True PN
306, True PN
311, True PN
308, Likely PN
309, True PN
304, True PN
313, True PN
314, True PN
316, True PN
312, True PN
318, True PN
319, True PN
321, True PN
322, True PN
320, True PN
310, True PN
323, True PN
315, True PN
325, True PN
317, True PN
327, True PN
299, True PN
331, True PN
329, True PN
326, True PN
330, True PN
328, True PN
334, True PN
324, True PN
332, True PN
336, True PN
338, True PN
337, True PN
339, True PN
340, True PN
342, True PN
341, True PN
344, True PN
346, True PN
343, True PN
348, True PN
350, True PN
347, True PN
349, True PN
354, True PN
353, True PN
352, True PN
358, True PN
357, True PN
345, True PN
335, True PN
356, True PN
359, Possible PN
360, True PN
362, True PN
366, True PN
363, True PN
355, True PN
364, True PN
365, True PN
367, True PN
361, True PN
370, True PN
372, True PN
368, True PN
369, True PN
375, True PN
373, True PN
371, True PN
374, True PN
378, True PN
384, True PN
385, True PN
383, True PN
377, True PN
382, True PN
376, True PN
386, True PN
381, True PN
387, True PN
391, True PN
390, True PN
388, True PN
389, True PN
398, True PN
396, True PN
395, True PN
399, True PN
392, True PN
394, True PN
400, True PN
402, True PN
401, True PN
405, Possible PN
393, True PN
409, True PN
403, True PN
408, True PN
404, Likely PN
412, True PN
411, True PN
406, True PN
414, True PN
415, True PN
416, True PN
410, True PN
417, True PN
418, True PN
407, True PN
420, True PN
419, True PN
423, True PN
425, True PN
422, True PN
429, True PN
421, True PN
413, Likely PN
428, True PN
431, True PN
426, True PN
427, True PN
434, True PN
436, True PN
433, True PN
438, True PN
442, True PN
435, Possible PN
440, Likely PN
430, True PN
432, True PN
443, Likely PN
439, True PN
444, True PN
441, True PN
452, Likely PN
451, True PN
437, True PN
450, True PN
446, True PN
447, True PN
455, True PN
458, True PN
453, True PN
458, True PN
456, True PN
454, True PN
462, True PN
466, True PN
463, True PN
459, True PN
465, True PN
467, True PN
470, True PN
472, True PN
461, True PN
468, True PN
473, True PN
474, True PN
475, True PN
469, True PN
464, True PN
478, True PN
480, True PN
476, True PN
471, True PN
484, True PN
479, True PN
477, True PN
481, True PN
485, Likely PN
482, True PN
487, True PN
483, True PN
489, True PN
493, True PN
491, True PN
490, Possible PN
488, True PN
498, True PN
492, True PN
496, True PN
500, True PN
494, True PN
506, True PN
499, True PN
486, True PN
495, True PN
504, True PN
502, True PN
507, True PN
508, True PN
497, True PN
501, True PN
510, Likely PN
514, True PN
513, True PN
515, True PN
509, True PN
519, True PN
518, True PN
517, True PN
522, True PN
516, True PN
520, True PN
526, True PN
512, True PN
521, True PN
524, True PN
529, True PN
525, True PN
531, True PN
532, True PN
528, True PN
527, True PN
530, True PN
523, True PN
511, True PN
536, Possible PN
537, True PN
533, True PN
534, True PN
540, True PN
541, True PN
538, True PN
542, True PN
535, True PN
544, True PN
552, True PN
546, True PN
554, True PN
543, True PN
549, True PN
551, True PN
557, True PN
550, Likely PN
558, Likely PN
553, True PN
562, True PN
560, True PN
545, True PN
555, True PN
559, True PN
564, True PN
556, True PN
561, True PN
563, True PN
569, True PN
570, True PN
567, True PN
568, True PN
575, True PN
572, True PN
571, True PN
577, True PN
573, True PN
565, True PN
582, True PN
581, True PN
583, True PN
578, True PN
586, True PN
580, True PN
589, True PN
576, True PN
588, True PN
591, True PN
579, True PN
593, True PN
592, True PN
585, True PN
584, True PN
599, True PN
598, True PN
603, True PN
594, True PN
605, True PN
595, True PN
607, True PN
606, True PN
604, True PN
608, True PN
600, True PN
609, True PN
602, True PN
610, True PN
611, True PN
614, True PN
613, True PN
616, True PN
610, True PN
612, True PN
617, True PN
618, True PN
622, True PN
621, True PN
623, True PN
620, True PN
626, True PN
629, Likely PN
625, True PN
631, True PN
634, True PN
633, True PN
624, True PN
636, True PN
630, Likely PN
637, True PN
640, True PN
635, True PN
628, True PN
632, True PN
641, True PN
638, True PN
639, True PN
648, True PN
642, True PN
651, Likely PN
654, True PN
644, True PN
649, True PN
653, True PN
647, True PN
656, True PN
660, True PN
646, True PN
659, True PN
657, True PN
655, True PN
665, True PN
658, True PN
661, True PN
670, True PN
662, True PN
667, True PN
668, True PN
672, True PN
669, True PN
664, True PN
676, True PN
677, True PN
675, True PN
673, True PN
663, True PN
681, True PN
671, True PN
683, True PN
684, Likely PN
680, True PN
685, True PN
679, True PN
688, Possible PN
690, True PN
691, Likely PN
692, True PN
687, True PN
695, True PN
696, True PN
678, True PN
699, True PN
686, True PN
698, True PN
693, True PN
694, True PN
682, True PN
706, True PN
702, True PN
704, True PN
703, True PN
700, True PN
709, True PN
710, True PN
711, True PN
707, True PN
713, True PN
714, True PN
715, True PN
705, True PN
715, True PN
712, True PN
718, True PN
716, True PN
717, True PN
697, True PN
722, True PN
723, True PN
719, True PN
724, True PN
727, True PN
729, True PN
721, True PN
726, True PN
730, True PN
725, True PN
720, Likely PN
733, Likely PN
734, True PN
739, True PN
735, True PN
731, True PN
736, True PN
728, Likely PN
738, True PN
743, True PN
747, True PN
745, True PN
748, True PN
741, True PN
742, True PN
740, True PN
753, True PN
747, True PN
751, True PN
744, Likely PN
746, True PN
752, True PN
750, True PN
757, True PN
754, True PN
756, True PN
759, True PN
760, Possible PN
765, True PN
766, True PN
764, True PN
758, True PN
755, True PN
761, True PN
768, True PN
767, Likely PN
763, True PN
770, True PN
771, True PN
774, True PN
775, True PN
773, True PN
769, True PN
776, True PN
772, True PN
782, True PN
762, True PN
785, True PN
777, True PN
783, Likely PN
787, True PN
786, True PN
778, True PN
781, True PN
780, True PN
789, True PN
790, True PN
795, True PN
791, True PN
779, True PN
792, True PN
798, True PN
799, True PN
804, True PN
800, True PN
796, True PN
803, True PN
797, True PN
806, True PN
788, True PN
801, True PN
808, True PN
812, True PN
810, True PN
793, True PN
809, True PN
816, True PN
817, True PN
805, True PN
819, True PN
814, True PN
807, True PN
818, True PN
825, True PN
815, True PN
820, True PN
821, True PN
829, True PN
813, True PN
827, True PN
824, True PN
831, True PN
833, True PN
835, True PN
836, True PN
837, True PN
834, True PN
840, True PN
839, True PN
841, True PN
828, True PN
826, True PN
845, True PN
843, Likely PN
830, True PN
846, True PN
848, True PN
847, True PN
851, True PN
846, True PN
838, True PN
856, True PN
857, True PN
842, True PN
854, True PN
850, True PN
855, True PN
853, True PN
859, True PN
861, True PN
863, True PN
858, True PN
866, True PN
864, True PN
852, True PN
862, True PN
867, True PN
865, True PN
860, True PN
876, True PN
873, True PN
874, True PN
871, True PN
879, True PN
868, True PN
869, True PN
880, True PN
883, True PN
882, True PN
885, True PN
878, True PN
881, True PN
888, True PN
886, True PN
884, True PN
890, True PN
872, True PN
896, True PN
894, True PN
887, True PN
891, True PN
889, True PN
903, True PN
902, True PN
908, True PN
895, True PN
904, True PN
909, True PN
910, True PN
900, True PN
914, True PN
913, True PN
907, True PN
905, True PN
906, True PN
912, True PN
911, True PN
919, True PN
916, True PN
922, True PN
923, True PN
915, True PN
918, True PN
925, Likely PN
921, True PN
929, True PN
932, Likely PN
927, True PN
926, True PN
935, True PN
930, True PN
931, True PN
937, True PN
924, True PN
941, True PN
938, True PN
942, True PN
928, True PN
939, True PN
946, True PN
943, True PN
945, True PN
949, True PN
933, True PN
952, True PN
944, True PN
954, True PN
947, True PN
955, True PN
950, True PN
953, True PN
948, True PN
957, True PN
956, True PN
958, True PN
917, True PN
961, True PN
965, True PN
960, True PN
968, True PN
964, True PN
970, True PN
967, True PN
971, Likely PN
972, True PN
973, True PN
978, True PN
975, True PN
974, True PN
959, True PN
966, True PN
962, True PN
982, True PN
969, True PN
980, True PN
981, True PN
988, True PN
985, True PN
986, True PN
979, True PN
987, True PN
983, True PN
993, True PN
991, True PN
990, True PN
997, True PN
994, True PN
992, True PN
995, True PN
999, True PN
989, True PN
1003, True PN
998, True PN
1005, True PN
1004, True PN
1006, True PN
1001, True PN
1002, True PN
996, True PN
1008, True PN
984, True PN
1009, True PN
1007, True PN
1012, True PN
1000, True PN
1011, True PN
1014, True PN
1017, True PN
1013, True PN
1015, True PN
1022, True PN
1020, Possible PN
1021, True PN
1010, True PN
1019, True PN
1016, True PN
1023, True PN
1026, True PN
1028, True PN
1032, Likely PN
1027, True PN
1035, True PN
1031, True PN
1025, True PN
1036, True PN
1040, True PN
1024, True PN
1038, True PN
1030, True PN
1043, True PN
1037, True PN
1034, True PN
1045, Possible PN
1044, True PN
1042, True PN
1039, True PN
1051, True PN
1046, True PN
1047, True PN
1048, True PN
1054, True PN
1055, True PN
1052, Likely PN
1053, True PN
1050, True PN
1056, True PN
1049, True PN
1057, True PN
1058, True PN
1061, True PN
1062, True PN
1066, True PN
1065, True PN
1067, True PN
1068, True PN
1069, True PN
1070, True PN
1073, Likely PN
1064, True PN
1072, True PN
1071, True PN
1075, True PN
1076, True PN
1078, True PN
1060, True PN
1079, True PN
1077, True PN
1074, True PN
1081, True PN
1085, True PN
1059, True PN
1080, True PN
1063, True PN
1082, True PN
1091, True PN
1092, True PN
1094, True PN
1087, True PN
1089, True PN
1088, True PN
1084, True PN
1099, True PN
1093, True PN
1100, True PN
1086, True PN
1103, True PN
1096, True PN
1102, True PN
1104, True PN
1101, True PN
1106, True PN
1097, True PN
1112, True PN
1108, True PN
1098, True PN
1110, True PN
1107, True PN
1105, Likely PN
1116, True PN
1115, True PN
1113, True PN
1121, True PN
1120, True PN
1119, True PN
1118, True PN
1117, True PN
1111, True PN
1122, True PN
1130, True PN
1126, True PN
1131, True PN
1114, True PN
1123, True PN
1135, True PN
1134, True PN
1132, True PN
1133, True PN
1125, True PN
1124, True PN
1136, True PN
1140, True PN
1127, True PN
1139, True PN
1141, True PN
1146, True PN
1144, True PN
1145, True PN
1143, True PN
1142, True PN
1138, True PN
1148, True PN
1137, True PN
1149, True PN
1150, True PN
1154, True PN
1155, True PN
1156, True PN
1147, True PN
1157, True PN
1158, True PN
1152, True PN
1164, True PN
1153, True PN
1165, True PN
1160, True PN
1163, True PN
1161, True PN
1159, True PN
1168, True PN
1166, True PN
1151, True PN
1167, True PN
1171, True PN
1174, Possible PN
1175, True PN
1172, True PN
1181, True PN
1173, True PN
1170, True PN
1169, True PN
1183, True PN
1180, True PN
1178, True PN
1177, True PN
1186, True PN
1179, True PN
1182, True PN
1185, True PN
1192, True PN
1190, True PN
1189, True PN
1194, True PN
1191, True PN
1187, True PN
1184, True PN
1197, True PN
1196, True PN
1198, True PN
1193, True PN
1188, True PN
1201, True PN
1203, True PN
1205, True PN
1195, True PN
1199, True PN
1207, True PN
1209, True PN
1208, True PN
1200, True PN
1202, True PN
1212, True PN
1204, True PN
1210, True PN
1206, True PN
1214, True PN
1217, True PN
1211, True PN
1221, True PN
1219, True PN
1218, True PN
1215, True PN
1213, True PN
1226, True PN
1222, True PN
1224, True PN
1216, True PN
1228, True PN
1225, True PN
1223, True PN
1231, True PN
1220, True PN
1227, True PN
1234, True PN
1235, True PN
1230, True PN
1238, True PN
1229, True PN
1237, True PN
1239, True PN
1241, Possible PN
1245, True PN
1240, True PN
1246, True PN
1244, True PN
1248, True PN
1242, True PN
1247, True PN
1250, True PN
1232, True PN
1243, True PN
1249, Likely PN
1251, True PN
1236, True PN
1252, Likely PN
1254, True PN
1255, True PN
1253, True PN
1256, True PN
1258, True PN
1261, True PN
1263, True PN
1265, True PN
1266, True PN
1257, True PN
1260, True PN
1269, True PN
1259, True PN
1264, True PN
1267, True PN
1262, True PN
1272, True PN
1271, True PN
1268, True PN
1278, True PN
1273, True PN
1281, True PN
1282, True PN
1280, True PN
1276, True PN
1283, True PN
1275, True PN
1286, True PN
1279, True PN
1287, True PN
1285, True PN
1289, True PN
1274, True PN
1291, True PN
1296, True PN
1290, True PN
1297, True PN
1298, True PN
1293, True PN
1299, True PN
1294, True PN
1301, True PN
1306, Possible PN
1288, True PN
1307, True PN
1305, True PN
1309, True PN
1302, True PN
1295, True PN
1314, True PN
1303, True PN
1310, True PN
1304, True PN
1308, True PN
1312, True PN
1313, True PN
1316, True PN
1317, True PN
1319, True PN
1322, True PN
1311, True PN
1315, True PN
1323, True PN
1320, True PN
1318, True PN
1324, True PN
1329, True PN
1330, True PN
1332, True PN
1321, True PN
1328, True PN
1331, True PN
1327, True PN
1334, True PN
1326, True PN
1335, True PN
2056, True PN
2058, True PN
2055, True PN
2061, True PN
2059, True PN
1333, Possible PN
2057, Likely PN
2064, True PN
2067, True PN
2065, Likely PN
2068, True PN
2071, True PN
2072, True PN
2062, True PN
2070, Likely PN
2063, True PN
2073, True PN
2069, Possible PN
2074, Possible PN
2060, True PN
2078, True PN
2066, True PN
2077, True PN
2080, True PN
2079, True PN
2083, True PN
2081, True PN
2085, True PN
2075, True PN
2076, True PN
2089, Possible PN
2087, True PN
2084, True PN
2082, True PN
2088, True PN
2091, Likely PN
2093, True PN
2094, Likely PN
2086, True PN
2098, True PN
2096, Possible PN
2090, True PN
2092, True PN
2102, True PN
2101, True PN
2095, True PN
2105, True PN
2104, True PN
2099, True PN
2107, True PN
2108, True PN
2106, True PN
2109, True PN
2097, True PN
2100, True PN
2112, True PN
2111, True PN
2117, True PN
2118, True PN
2116, True PN
2110, True PN
2114, True PN
2120, True PN
2121, True PN
2115, True PN
2124, True PN
2113, True PN
2127, Likely PN
2125, True PN
2119, True PN
2129, True PN
2123, True PN
2122, True PN
2132, Likely PN
2126, True PN
2134, True PN
2130, True PN
2131, Likely PN
2133, True PN
2135, True PN
2128, True PN
2140, Likely PN
2136, True PN
2141, True PN
2146, True PN
2143, True PN
2147, True PN
2148, True PN
2142, True PN
2151, True PN
2139, True PN
2137, True PN
2145, True PN
2149, True PN
2152, True PN
2150, True PN
2153, True PN
2155, True PN
2157, True PN
2159, True PN
2144, Likely PN
2158, True PN
2164, True PN
2160, Likely PN
2163, True PN
2161, True PN
2154, True PN
2167, True PN
2156, True PN
2162, True PN
2168, Likely PN
2171, True PN
2174, True PN
2169, True PN
2172, True PN
2170, True PN
2165, True PN
2179, Possible PN
2178, Likely PN
2175, Likely PN
2184, True PN
2177, True PN
2176, True PN
2180, True PN
2181, Possible PN
2187, Likely PN
2182, True PN
2188, True PN
2183, True PN
2190, True PN
2196, True PN
2195, True PN
2189, Possible PN
2197, True PN
2193, Possible PN
2185, True PN
2191, True PN
2186, True PN
2203, True PN
2199, Possible PN
2198, Possible PN
2205, True PN
2202, Possible PN
2208, True PN
2192, True PN
2207, True PN
2211, True PN
2200, True PN
2210, True PN
2209, True PN
2215, True PN
2204, True PN
2214, True PN
2213, True PN
2216, True PN
2219, Likely PN
2220, True PN
2227, True PN
2226, Likely PN
2228, True PN
2225, True PN
2223, True PN
2231, True PN
2222, Likely PN
2218, Possible PN
2229, True PN
2234, True PN
2221, True PN
2232, True PN
2236, True PN
2235, Possible PN
2239, True PN
2240, True PN
2243, Likely PN
2237, True PN
2242, True PN
2230, True PN
2241, Possible PN
2238, Likely PN
2233, Likely PN
2252, True PN
2250, Likely PN
2247, Possible PN
2253, True PN
2249, Possible PN
2246, True PN
2244, True PN
2258, True PN
2245, True PN
2251, Likely PN
2254, True PN
2257, True PN
2260, True PN
2255, True PN
2262, True PN
2263, True PN
2264, True PN
2256, True PN
2266, True PN
2268, True PN
2270, True PN
2267, True PN
2259, True PN
2271, True PN
2274, True PN
2265, True PN
2275, True PN
2280, True PN
2273, True PN
2261, True PN
2276, True PN
2272, Likely PN
2269, True PN
2279, True PN
2282, True PN
2277, Possible PN
2285, True PN
2288, True PN
2278, True PN
2290, Possible PN
2283, True PN
2292, True PN
2291, True PN
2289, True PN
2293, True PN
2286, True PN
2284, True PN
2299, True PN
2297, True PN
2295, Likely PN
2296, True PN
2294, True PN
2287, Possible PN
2298, True PN
2304, True PN
2305, True PN
2306, True PN
2303, True PN
2308, Likely PN
2310, True PN
2309, True PN
2307, True PN
2311, True PN
2315, True PN
2301, True PN
2302, True PN
2313, True PN
2300, True PN
2314, Possible PN
2312, True PN
2320, True PN
2316, True PN
2321, True PN
2319, Possible PN
2322, True PN
2318, Possible PN
2325, True PN
2326, True PN
2324, True PN
2317, Likely PN
2327, True PN
2323, True PN
2332, True PN
2328, True PN
2331, True PN
2335, True PN
2334, True PN
2336, Likely PN
2337, True PN
2333, True PN
2338, Possible PN
2341, True PN
2329, True PN
2330, True PN
2339, Possible PN
2345, Likely PN
2347, True PN
2349, True PN
2340, True PN
2344, True PN
2352, True PN
2348, True PN
2342, True PN
2346, True PN
2354, True PN
2351, True PN
2357, True PN
2350, Possible PN
2359, True PN
2360, True PN
2353, True PN
2356, True PN
2343, True PN
2355, True PN
2361, Likely PN
2358, True PN
2364, Possible PN
2367, True PN
2365, Likely PN
2362, True PN
2363, True PN
2371, True PN
2368, True PN
2373, True PN
2366, True PN
2370, Likely PN
2376, True PN
2375, True PN
2377, True PN
2378, True PN
2380, Likely PN
2379, True PN
2372, True PN
2383, True PN
2382, True PN
2385, True PN
2387, True PN
2369, True PN
2386, True PN
2381, True PN
2384, True PN
2391, True PN
2389, True PN
2374, True PN
2390, True PN
2394, Possible PN
2396, Likely PN
2392, True PN
2388, True PN
2393, True PN
2395, True PN
2402, True PN
2401, True PN
2398, True PN
2400, True PN
2406, True PN
2407, True PN
2408, True PN
2405, True PN
2409, Likely PN
2404, Likely PN
2411, True PN
2412, True PN
2410, True PN
2399, True PN
2397, Likely PN
2413, Likely PN
2403, Possible PN
2415, True PN
2416, True PN
2418, True PN
2414, Likely PN
2421, True PN
2420, Likely PN
2422, True PN
2419, True PN
2423, Possible PN
2427, Possible PN
2425, True PN
2429, True PN
2430, True PN
2431, True PN
2433, True PN
2432, True PN
2417, True PN
2434, Possible PN
2435, True PN
2439, True PN
2424, True PN
2438, Likely PN
2428, Possible PN
2426, True PN
2440, True PN
2436, True PN
2437, Possible PN
2443, True PN
2445, True PN
2444, True PN
2441, True PN
2448, True PN
2446, True PN
2450, Likely PN
2449, True PN
2442, True PN
2447, True PN
2455, True PN
2452, True PN
2456, True PN
2454, True PN
2453, Likely PN
2460, True PN
2461, True PN
2462, Likely PN
2459, Likely PN
2458, True PN
2464, True PN
2468, True PN
2457, True PN
2466, Possible PN
2463, True PN
2467, True PN
2473, True PN
2469, True PN
2472, True PN
2465, True PN
2471, True PN
2470, True PN
2451, True PN
2474, True PN
2478, True PN
2475, True PN
2480, True PN
2477, True PN
2479, True PN
2476, True PN
2484, True PN
2481, True PN
2487, True PN
2482, True PN
2490, True PN
2488, True PN
2491, True PN
2493, True PN
2486, True PN
2496, True PN
2489, True PN
2494, True PN
2495, True PN
2492, True PN
2485, True PN
2499, True PN
2503, True PN
2483, True PN
2504, True PN
2502, True PN
2497, Likely PN
2505, True PN
2500, True PN
2501, True PN
2506, True PN
2511, Possible PN
2498, True PN
2514, Likely PN
2508, True PN
2510, True PN
2513, True PN
2518, Possible PN
2515, True PN
2517, True PN
2516, True PN
2512, True PN
2522, True PN
2524, True PN
2520, True PN
2523, Likely PN
2521, Possible PN
2507, Likely PN
2527, Possible PN
2528, Likely PN
2525, True PN
2526, True PN
2531, True PN
2533, True PN
2534, True PN
2537, True PN
2540, True PN
2539, True PN
2535, True PN
2541, Possible PN
2532, Likely PN
2519, True PN
2544, True PN
2529, True PN
2530, Likely PN
2546, True PN
2550, True PN
2543, Likely PN
2551, True PN
2547, True PN
2549, True PN
2545, True PN
2552, True PN
2554, True PN
2548, Possible PN
2555, Likely PN
2558, True PN
2561, True PN
2553, Likely PN
2557, Likely PN
2565, True PN
2560, True PN
2563, Likely PN
2556, Likely PN
2564, True PN
2542, Likely PN
2567, True PN
2571, True PN
2573, True PN
2572, True PN
2566, True PN
2570, Possible PN
2576, True PN
2578, True PN
2579, True PN
2577, Likely PN
2584, True PN
2569, True PN
2575, True PN
2582, Likely PN
2587, True PN
2580, True PN
2568, Possible PN
2591, True PN
2588, True PN
2589, Possible PN
2586, True PN
2593, Likely PN
2592, Likely PN
2595, True PN
2585, Possible PN
2599, Possible PN
2590, True PN
2596, True PN
2598, Possible PN
2602, True PN
2594, True PN
2603, True PN
2597, True PN
2604, Likely PN
2600, Likely PN
2607, Possible PN
2581, True PN
2610, True PN
2611, Likely PN
2601, True PN
2612, True PN
2614, True PN
2613, True PN
2606, True PN
2616, True PN
2620, True PN
2621, Likely PN
2625, True PN
2617, True PN
2624, True PN
2622, Possible PN
2623, True PN
2605, True PN
2626, True PN
2629, True PN
2628, Possible PN
2627, True PN
2632, True PN
2619, True PN
2633, True PN
2618, True PN
2636, True PN
2630, True PN
2641, True PN
2631, Likely PN
2642, True PN
2634, True PN
2644, True PN
2635, True PN
2637, True PN
2647, True PN
2640, Likely PN
2648, True PN
2645, True PN
2651, True PN
2650, True PN
2654, Likely PN
2649, True PN
2653, Likely PN
2639, True PN
2657, True PN
2655, Possible PN
2658, Possible PN
2646, True PN
2656, Likely PN
2662, Possible PN
2643, True PN
2664, True PN
2665, True PN
2663, True PN
2660, True PN
2652, True PN
2659, True PN
2670, True PN
2661, True PN
2667, True PN
2671, True PN
2675, True PN
2672, True PN
2666, Likely PN
2669, True PN
2678, True PN
2677, Possible PN
2676, True PN
2674, True PN
2683, True PN
2680, Possible PN
2684, True PN
2685, True PN
2673, Possible PN
2687, True PN
2681, True PN
2679, True PN
2690, True PN
2689, True PN
2693, True PN
2691, Likely PN
2694, True PN
2686, Possible PN
2696, Possible PN
2698, True PN
2699, True PN
2703, True PN
2702, True PN
2682, True PN
2697, True PN
2700, True PN
2705, Possible PN
2706, True PN
2708, True PN
2695, Likely PN
2701, Possible PN
2713, True PN
2704, True PN
2710, True PN
2712, True PN
2716, Likely PN
2709, True PN
2718, True PN
2707, True PN
2720, True PN
2721, True PN
2723, True PN
2717, True PN
2726, True PN
2722, True PN
2725, True PN
2719, True PN
2715, True PN
2727, Possible PN
2711, Possible PN
2730, True PN
2724, True PN
2733, True PN
2732, True PN
2728, True PN
2729, True PN
2731, True PN
2738, True PN
2736, True PN
2742, True PN
2741, True PN
2737, True PN
2734, True PN
2744, True PN
2743, True PN
2748, True PN
2739, Likely PN
2745, True PN
2735, Likely PN
2751, True PN
2740, Likely PN
2752, True PN
2749, True PN
2746, True PN
2753, True PN
2756, True PN
2747, True PN
2759, True PN
2755, True PN
2762, Possible PN
2754, True PN
2761, Possible PN
2758, Likely PN
2763, True PN
2765, True PN
2767, Possible PN
2760, True PN
2768, True PN
2750, True PN
2764, True PN
2770, Possible PN
2771, True PN
2772, True PN
2769, True PN
2766, True PN
2773, True PN
2775, True PN
2774, True PN
2776, True PN
2783, True PN
2779, True PN
2778, True PN
2781, True PN
2784, True PN
2786, True PN
2777, True PN
2785, True PN
2788, True PN
2787, True PN
2789, True PN
2794, True PN
2780, True PN
2790, True PN
2792, Likely PN
2791, Likely PN
2795, True PN
2798, True PN
2800, True PN
2793, Likely PN
2801, True PN
2782, True PN
2799, True PN
2803, True PN
2804, True PN
2797, True PN
2805, True PN
2808, True PN
2796, True PN
2802, Possible PN
2812, True PN
2806, True PN
2814, True PN
2811, Possible PN
2816, True PN
2818, True PN
2819, True PN
2810, Likely PN
2807, Possible PN
2821, Likely PN
2820, True PN
2813, True PN
2815, True PN
2827, Likely PN
2823, True PN
2822, True PN
2828, True PN
2824, True PN
2831, Possible PN
2825, True PN
2826, True PN
2833, True PN
2835, True PN
2832, True PN
2830, Possible PN
2809, True PN
2837, True PN
2840, Likely PN
2836, True PN
2839, True PN
2838, True PN
2842, True PN
2829, True PN
2844, True PN
2841, True PN
2843, Likely PN
2849, True PN
2846, True PN
2847, True PN
2853, True PN
2852, True PN
2834, True PN
2850, True PN
2851, Likely PN
2848, True PN
2858, True PN
2859, True PN
2857, True PN
2845, True PN
2861, True PN
2856, True PN
2862, True PN
2866, True PN
2854, True PN
2868, Possible PN
2863, True PN
2860, Likely PN
2873, True PN
2869, True PN
2871, True PN
2864, True PN
2867, True PN
2874, True PN
2878, True PN
2870, True PN
2876, True PN
2865, True PN
2882, True PN
2879, True PN
2885, True PN
2883, True PN
2888, True PN
2886, Likely PN
2890, True PN
2892, True PN
2889, True PN
2895, Possible PN
2884, Likely PN
2880, True PN
2894, True PN
2893, True PN
2898, True PN
2881, True PN
2899, True PN
2897, True PN
2900, Likely PN
2901, True PN
2905, True PN
2877, Likely PN
2908, True PN
2903, True PN
2896, True PN
2906, True PN
2913, True PN
2904, Likely PN
2915, True PN
2909, True PN
2910, True PN
2917, True PN
2916, True PN
2902, True PN
2912, True PN
2920, True PN
2919, True PN
2918, True PN
2922, True PN
2925, True PN
2921, True PN
2927, True PN
2929, True PN
2924, True PN
2932, True PN
2911, True PN
2930, True PN
2935, True PN
2931, True PN
2928, True PN
2926, True PN
2914, True PN
2933, True PN
2937, True PN
2941, Possible PN
2940, True PN
2936, Possible PN
2942, True PN
2934, True PN
2946, True PN
2943, True PN
2947, True PN
2944, True PN
2948, Likely PN
2950, True PN
2949, True PN
2954, Likely PN
2951, True PN
2955, True PN
2939, True PN
2956, Possible PN
2938, Possible PN
2961, True PN
2958, Possible PN
2962, True PN
2963, True PN
2957, True PN
2945, True PN
2953, True PN
2968, Possible PN
2960, True PN
2965, True PN
2966, True PN
2969, True PN
2972, Likely PN
2973, True PN
2976, True PN
2974, True PN
2975, True PN
2964, True PN
2977, True PN
2970, True PN
2981, True PN
2979, Likely PN
2967, True PN
2978, Likely PN
2983, Possible PN
2982, True PN
2971, True PN
2984, Possible PN
2980, True PN
2989, Likely PN
2991, True PN
2986, True PN
2987, True PN
2993, True PN
2994, True PN
2990, True PN
2997, True PN
2996, True PN
2999, True PN
2985, True PN
3002, True PN
3001, True PN
2992, True PN
3000, True PN
3005, True PN
2988, Likely PN
3008, True PN
3006, True PN
3009, Likely PN
2998, True PN
2995, True PN
3003, True PN
3014, True PN
3007, Likely PN
3011, True PN
3015, True PN
3012, True PN
3018, True PN
3020, Likely PN
3019, True PN
3016, True PN
3017, True PN
3013, Possible PN
3023, True PN
3024, Possible PN
3025, True PN
3030, True PN
3022, True PN
3010, True PN
3026, True PN
3028, True PN
3027, True PN
3032, True PN
3031, True PN
3033, Likely PN
3029, True PN
3021, Likely PN
3038, True PN
3039, Possible PN
3034, True PN
3037, True PN
3043, True PN
3036, Likely PN
3045, True PN
3035, True PN
3041, True PN
3040, True PN
3046, Likely PN
3047, True PN
3049, True PN
3050, True PN
3048, Possible PN
3044, True PN
3051, Likely PN
3054, True PN
3055, True PN
3042, Possible PN
3061, True PN
3058, True PN
3059, Likely PN
3062, True PN
3053, True PN
3064, True PN
3056, True PN
3060, True PN
3063, Likely PN
3068, True PN
3057, True PN
3066, True PN
3067, True PN
3072, True PN
3065, True PN
3069, Likely PN
3071, True PN
3073, True PN
3079, True PN
3075, True PN
3070, True PN
3080, Likely PN
3076, Likely PN
3074, Likely PN
3083, True PN
3084, True PN
3087, Possible PN
3086, True PN
3081, Likely PN
3077, True PN
3088, True PN
3090, True PN
3078, Likely PN
3085, True PN
3089, True PN
3092, True PN
3093, Likely PN
3095, True PN
3082, Likely PN
3102, Likely PN
3100, Likely PN
3101, True PN
3091, Possible PN
3099, Likely PN
3096, True PN
3105, True PN
3103, True PN
3108, Likely PN
3098, True PN
3106, Likely PN
3110, True PN
3107, True PN
3104, True PN
3109, True PN
3114, Likely PN
3112, True PN
3116, True PN
3117, True PN
3113, True PN
3120, True PN
3118, True PN
3122, True PN
3119, Likely PN
3127, Likely PN
3128, True PN
3130, Possible PN
3126, Likely PN
3132, Likely PN
3133, True PN
3131, Possible PN
3115, True PN
3136, True PN
3111, True PN
3138, True PN
3134, True PN
3123, True PN
3124, Possible PN
3143, True PN
3129, True PN
3140, True PN
3137, Likely PN
3141, Likely PN
3142, True PN
3135, True PN
3147, True PN
3144, True PN
3145, True PN
3149, Likely PN
3148, Possible PN
3153, True PN
3151, True PN
3152, True PN
3158, True PN
3157, True PN
3161, Likely PN
3162, True PN
3163, True PN
3159, True PN
3165, True PN
3164, Likely PN
3146, True PN
3154, True PN
3167, True PN
3160, True PN
3166, True PN
3169, True PN
3171, Possible PN
3156, True PN
3168, True PN
3178, True PN
3173, True PN
3172, True PN
3170, True PN
3176, True PN
3177, True PN
3180, True PN
3182, True PN
3185, Possible PN
3186, True PN
3184, True PN
3181, True PN
3174, True PN
3188, Likely PN
3190, True PN
3189, True PN
3179, True PN
3183, True PN
3193, True PN
3192, True PN
3187, True PN
3191, True PN
3196, True PN
3194, True PN
3195, True PN
3175, True PN
3200, True PN
3201, True PN
3204, Likely PN
3205, True PN
3206, True PN
3199, Possible PN
3202, True PN
3197, True PN
3203, True PN
3208, True PN
3198, True PN
3214, True PN
3215, Possible PN
3211, True PN
3213, True PN
3209, True PN
3216, True PN
3210, True PN
3212, True PN
3218, Likely PN
3217, True PN
3207, True PN
3223, True PN
3221, True PN
3220, Likely PN
3224, True PN
3227, Likely PN
3226, Likely PN
3222, True PN
3230, True PN
3233, True PN
3234, True PN
3232, True PN
3231, Likely PN
3225, True PN
3237, True PN
3238, True PN
3235, True PN
3228, True PN
3239, True PN
3241, True PN
3242, Likely PN
3236, True PN
3245, True PN
3229, Likely PN
3240, True PN
3244, True PN
3247, True PN
3246, True PN
3249, True PN
3251, True PN
3253, True PN
3250, True PN
3255, Likely PN
3256, True PN
3254, True PN
3258, True PN
3257, True PN
3252, True PN
3264, True PN
3259, True PN
3261, True PN
3263, True PN
3260, Possible PN
3270, True PN
3243, True PN
3262, Likely PN
3265, True PN
3268, True PN
3271, True PN
3267, True PN
3275, Likely PN
3274, True PN
3278, True PN
3266, True PN
3272, True PN
3277, True PN
3273, True PN
3281, True PN
3285, True PN
3279, True PN
3286, Likely PN
3276, True PN
3282, True PN
3280, True PN
3287, True PN
3290, True PN
3291, True PN
3292, True PN
3283, Likely PN
4104, True PN
3289, True PN
4105, True PN
4107, True PN
4103, True PN
4106, True PN
3288, True PN
3269, True PN
4112, True PN
4111, True PN
4113, Likely PN
4120, True PN
4109, True PN
4108, True PN
4121, True PN
4114, True PN
4123, True PN
4130, True PN
4127, True PN
4133, True PN
4131, True PN
4135, True PN
4115, True PN
4119, True PN
4136, True PN
4139, True PN
4140, True PN
4126, True PN
4143, True PN
4145, True PN
4138, True PN
4144, True PN
4116, True PN
4137, True PN
4146, True PN
4148, True PN
4153, True PN
4156, True PN
4157, True PN
4149, True PN
4158, True PN
4147, True PN
4161, True PN
4151, Likely PN
4159, True PN
4154, True PN
4155, True PN
4160, True PN
4163, True PN
4162, True PN
4150, True PN
4168, Likely PN
4167, True PN
4170, True PN
4172, True PN
4164, True PN
4171, True PN
4166, True PN
4176, True PN
4175, Likely PN
4173, True PN
4174, True PN
4177, True PN
4181, True PN
4182, True PN
4186, True PN
4179, Likely PN
4180, True PN
4187, True PN
4169, True PN
4191, True PN
4192, True PN
4190, True PN
4189, True PN
4185, True PN
4183, True PN
4193, True PN
4195, True PN
4188, True PN
4194, True PN
4198, True PN
4184, True PN
4201, True PN
4196, Possible PN
4197, True PN
4200, Likely PN
4207, True PN
4206, True PN
4203, True PN
4208, True PN
4211, True PN
4215, True PN
4212, True PN
4210, True PN
4202, Likely PN
4217, Possible PN
4204, True PN
4219, True PN
4214, True PN
4205, Likely PN
4209, Likely PN
4220, True PN
4224, True PN
4216, True PN
4221, True PN
4218, True PN
4223, True PN
4227, True PN
4228, True PN
4222, True PN
4229, True PN
4232, Likely PN
4236, True PN
4226, True PN
4235, True PN
4225, True PN
4238, True PN
4242, True PN
4243, True PN
4233, True PN
4231, True PN
4237, True PN
4244, True PN
4239, Likely PN
4245, True PN
4248, Likely PN
4241, True PN
4247, True PN
4253, True PN
4254, True PN
4255, True PN
4262, Likely PN
4259, Likely PN
4263, True PN
4246, True PN
4264, True PN
4261, True PN
4250, True PN
4252, True PN
4271, Possible PN
4272, True PN
4266, True PN
4270, True PN
4286, True PN
4277, Likely PN
4287, Possible PN
4267, True PN
4288, Likely PN
4291, Likely PN
4289, Likely PN
4258, True PN
4297, True PN
4268, True PN
4290, Possible PN
4299, True PN
4298, True PN
4295, True PN
4302, True PN
4296, Possible PN
4306, Possible PN
4310, Likely PN
4305, Possible PN
4315, True PN
4318, True PN
4293, Possible PN
4301, Likely PN
4304, Possible PN
4294, Possible PN
4320, True PN
4319, True PN
4329, True PN
4326, True PN
4325, True PN
4322, Likely PN
4323, True PN
4333, True PN
4332, True PN
4338, True PN
4337, True PN
4334, True PN
4339, True PN
4341, True PN
4328, True PN
4331, True PN
4340, True PN
4344, True PN
4330, True PN
4343, True PN
4348, True PN
4345, True PN
4349, True PN
4350, True PN
4352, True PN
4354, True PN
4356, True PN
4357, True PN
4353, True PN
4347, True PN
4355, True PN
4342, True PN
4359, True PN
4351, True PN
4358, Possible PN
4361, True PN
4364, True PN
4369, True PN
4365, True PN
4370, True PN
4367, True PN
4371, True PN
4362, True PN
4360, True PN
4381, True PN
4380, True PN
4366, True PN
4372, True PN
4375, True PN
4377, True PN
4368, True PN
4385, True PN
4391, True PN
4398, True PN
4395, True PN
4400, True PN
4393, True PN
4401, True PN
4399, True PN
4390, True PN
4404, True PN
4386, Possible PN
4389, True PN
4405, True PN
4382, True PN
4408, True PN
4409, Likely PN
4407, True PN
4413, Possible PN
4411, True PN
4419, Likely PN
4412, Possible PN
4421, True PN
4402, True PN
4414, Possible PN
4425, True PN
4418, True PN
4426, True PN
4424, True PN
4432, True PN
4437, True PN
4428, True PN
4415, Possible PN
4440, Likely PN
4431, True PN
4439, Likely PN
4436, True PN
4410, True PN
4427, True PN
4446, Likely PN
4461, Possible PN
4451, Possible PN
4458, True PN
4455, True PN
4466, Possible PN
4468, Possible PN
4478, Likely PN
4473, Possible PN
4476, True PN
4475, True PN
4469, Possible PN
4479, Possible PN
4495, True PN
4531, Possible PN
4544, True PN
4497, True PN
4453, Likely PN
4503, True PN
4558, Likely PN
4560, True PN
4491, True PN
4477, True PN
4580, True PN
4593, Possible PN
4551, True PN
4589, True PN
4592, Possible PN
4603, Possible PN
4594, True PN
4623, Possible PN
4624, Possible PN
4474, Possible PN
4608, Likely PN
4607, Possible PN
4633, Possible PN
4643, Possible PN
4640, Possible PN
4596, Possible PN
4634, True PN
4636, Possible PN
4595, True PN
4668, Possible PN
4644, Possible PN
4673, Possible PN
4679, Possible PN
4678, Possible PN
4648, Possible PN
4645, Possible PN
4689, Possible PN
4696, True PN
4710, Possible PN
4649, True PN
4704, True PN
4698, Possible PN
4708, True PN
4735, True PN
4701, Possible PN
4737, Possible PN
4732, True PN
4734, Possible PN
4750, Possible PN
4742, Possible PN
4757, Possible PN
4760, True PN
4773, Possible PN
4752, Possible PN
4758, Possible PN
4764, True PN
4748, True PN
4781, Possible PN
4784, Possible PN
4775, True PN
4777, Possible PN
4789, True PN
4761, Possible PN
4806, True PN
4779, Possible PN
4799, Likely PN
4801, True PN
4819, True PN
4811, Likely PN
4769, Likely PN
4827, True PN
4823, Possible PN
4831, Likely PN
4824, Possible PN
4820, Possible PN
4835, True PN
4829, Likely PN
4833, True PN
4821, Possible PN
4822, True PN
4860, Possible PN
4934, Possible PN
4932, True PN
4856, True PN
4955, True PN
4945, True PN
4941, Possible PN
4906, True PN
4905, Possible PN
4940, True PN
4953, True PN
4969, True PN
4971, Possible PN
4979, Likely PN
4959, Likely PN
4965, True PN
4993, True PN
4975, True PN
5003, True PN
4985, True PN
5016, Likely PN
4999, True PN
4989, True PN
5017, True PN
5020, True PN
5041, Possible PN
5034, Possible PN
5049, Possible PN
5037, Possible PN
5005, Likely PN
5229, True PN
5057, Possible PN
5035, Possible PN
4997, Possible PN
5062, Possible PN
5044, Possible PN
5012, Possible PN
5237, Possible PN
5240, True PN
5258, Possible PN
5263, Possible PN
5231, Likely PN
5275, True PN
5274, Likely PN
5269, Possible PN
5259, Likely PN
5307, Possible PN
5310, True PN
5330, True PN
5313, Likely PN
5320, True PN
5302, Possible PN
5384, Possible PN
5374, True PN
5381, Possible PN
5385, Possible PN
5388, Possible PN
5386, Possible PN
5264, Possible PN
5412, Possible PN
5383, Likely PN
5239, True PN
5433, Possible PN
5405, Possible PN
5402, Possible PN
5509, Likely PN
5514, Possible PN
5431, Possible PN
5464, True PN
5510, Possible PN
5527, Possible PN
5467, True PN
5525, True PN
5524, Possible PN
5415, True PN
5387, Possible PN
5544, Possible PN
5538, Possible PN
5553, Possible PN
5539, Possible PN
5513, Possible PN
5535, Possible PN
5549, Possible PN
5537, True PN
5561, Possible PN
5567, Possible PN
5523, Possible PN
5560, Possible PN
5570, Possible PN
5572, Possible PN
5566, Possible PN
5555, Possible PN
5563, Possible PN
5565, Possible PN
5605, Possible PN
5604, Possible PN
5592, Possible PN
5624, Possible PN
5621, Possible PN
5626, Possible PN
5596, Possible PN
5579, Possible PN
5625, Possible PN
5589, Possible PN
5628, Possible PN
5630, Possible PN
5632, Possible PN
5606, Possible PN
5623, True PN
5634, Possible PN
5641, Possible PN
5640, Possible PN
5637, Possible PN
5646, True PN
5645, Possible PN
5642, True PN
5650, Possible PN
5659, Possible PN
5666, Possible PN
5658, Possible PN
5644, Possible PN
5635, Possible PN
5675, Possible PN
5702, Possible PN
5707, Possible PN
5714, Possible PN
5708, Possible PN
5725, Possible PN
5727, Possible PN
5672, True PN
5719, Possible PN
5701, Possible PN
5723, Possible PN
5673, True PN
5748, Possible PN
5758, Possible PN
5731, Possible PN
5759, Possible PN
5730, Possible PN
5770, Possible PN
5741, Possible PN
5742, Possible PN
5786, Possible PN
5783, Possible PN
5763, Possible PN
5785, Possible PN
5818, Possible PN
5810, Possible PN
5767, Possible PN
5792, Possible PN
5836, Possible PN
5793, Possible PN
8185, True PN
5816, Likely PN
5825, Possible PN
8186, True PN
8190, True PN
8198, Possible PN
5846, Possible PN
5847, Possible PN
8205, Possible PN
8199, Likely PN
5842, Possible PN
8207, Possible PN
8206, True PN
8193, True PN
8211, True PN
8189, Possible PN
8209, Likely PN
8210, True PN
8215, True PN
8214, Possible PN
8232, True PN
8261, Possible PN
8242, Possible PN
8266, True PN
8218, True PN
8217, Possible PN
8230, Possible PN
8272, Possible PN
8299, Possible PN
8312, Possible PN
8314, Possible PN
8313, Possible PN
8330, Possible PN
8204, True PN
8200, Likely PN
8363, Possible PN
8442, Likely PN
8339, Possible PN
8355, True PN
8450, True PN
8273, True PN
8274, Possible PN
8446, Possible PN
8219, Likely PN
8331, Likely PN
8454, True PN
8459, Possible PN
8461, True PN
8455, True PN
8466, True PN
8469, True PN
8467, True PN
8458, Likely PN
8478, Likely PN
8489, Likely PN
8470, True PN
8496, True PN
8499, True PN
8504, True PN
8460, True PN
8506, Possible PN
8512, True PN
8501, True PN
8456, True PN
8493, Likely PN
8513, True PN
8485, Possible PN
8522, True PN
8525, True PN
8514, True PN
8519, Likely PN
8526, True PN
8517, True PN
8528, True PN
8530, True PN
8524, True PN
8527, True PN
8531, True PN
8535, Likely PN
8532, Possible PN
8539, True PN
8537, True PN
8545, True PN
8533, True PN
8540, True PN
8548, True PN
8536, True PN
8541, True PN
8550, True PN
8505, True PN
8557, True PN
8561, True PN
8551, True PN
8552, True PN
8553, True PN
8546, Possible PN
8566, True PN
8560, True PN
8562, True PN
8564, True PN
8559, Likely PN
8571, True PN
8572, True PN
8577, True PN
8576, Possible PN
8581, True PN
8582, True PN
8565, True PN
8570, Possible PN
8584, True PN
8585, True PN
8583, True PN
8596, True PN
8597, True PN
8586, True PN
8569, True PN
8608, True PN
8568, True PN
8612, True PN
8606, True PN
8603, True PN
8599, True PN
8617, Possible PN
8613, Likely PN
8598, Possible PN
8747, Possible PN
8757, Possible PN
8758, Possible PN
8749, Possible PN
8789, Likely PN
8790, True PN
8750, Possible PN
8752, Likely PN
8788, True PN
8748, Likely PN
8753, Possible PN
9644, True PN
9667, Likely PN
9710, Possible PN
8800, True PN
9597, Possible PN
8785, True PN
8759, Possible PN
9944, Possible PN
9745, Possible PN
9948, Possible PN
9943, True PN
9824, True PN
9960, True PN
9949, True PN
9967, True PN
9954, True PN
9947, Possible PN
9956, Likely PN
9900, Possible PN
9987, Possible PN
9968, True PN
10002, True PN
9981, True PN
10009, True PN
10005, True PN
9991, True PN
10014, Likely PN
10018, True PN
10011, Possible PN
10025, True PN
10013, True PN
10010, True PN
10028, Possible PN
10019, True PN
10039, True PN
9996, Possible PN
10017, Possible PN
10030, Likely PN
10046, True PN
10035, True PN
10029, Likely PN
10059, True PN
10061, True PN
10045, Likely PN
10065, Possible PN
10041, Possible PN
10076, True PN
10056, True PN
10089, Possible PN
10087, True PN
10091, Likely PN
10085, True PN
10081, Possible PN
10097, Possible PN
10083, True PN
10086, Possible PN
10080, True PN
10104, Likely PN
10099, Possible PN
10093, Possible PN
10102, Possible PN
10156, True PN
10110, Possible PN
10107, Possible PN
10274, True PN
10285, True PN
10256, True PN
10877, True PN
10307, Possible PN
10119, Possible PN
10396, Possible PN
10149, Possible PN
10879, True PN
10878, True PN
10882, Possible PN
10193, True PN
10875, True PN
10881, True PN
10880, Possible PN
10883, Possible PN
10889, True PN
10892, Possible PN
10894, True PN
10886, True PN
10890, True PN
10887, True PN
10896, True PN
10895, Possible PN
10885, Possible PN
10899, True PN
10912, Possible PN
10893, Possible PN
10915, Possible PN
10914, Possible PN
10897, True PN
10904, Possible PN
10923, Possible PN
10910, Possible PN
10924, Possible PN
10934, Possible PN
10928, True PN
10919, True PN
10959, True PN
10946, Possible PN
10957, True PN
10926, Possible PN
10909, Possible PN
10969, True PN
10920, True PN
10956, True PN
10941, True PN
10971, True PN
10970, True PN
11182, Possible PN
11211, Possible PN
11240, True PN
10960, True PN
11092, Likely PN
11236, Possible PN
11253, True PN
11244, True PN
10979, True PN
11341, Possible PN
11176, Possible PN
11283, Likely PN
11549, Possible PN
12625, Possible PN
11548, Likely PN
11517, Possible PN
11248, True PN
11309, Possible PN
14465, True PN
12627, Possible PN
14548, Possible PN
12702, Possible PN
11550, Likely PN
14557, True PN
14820, True PN
14466, Possible PN
15150, True PN
14967, Possible PN
14973, Possible PN
11584, Possible PN
14934, Possible PN
15163, Possible PN
15160, Possible PN
15172, Possible PN
15164, Possible PN
15368, Possible PN
15374, Likely PN
15159, Possible PN
15371, True PN
15373, Possible PN
15387, Possible PN
15366, True PN
15156, Possible PN
15375, Likely PN
15388, Possible PN
15369, True PN
15391, Possible PN
15367, Likely PN
15552, Likely PN
15551, True PN
15390, Possible PN
15376, Possible PN
15556, Likely PN
15555, True PN
15559, Likely PN
15554, True PN
15560, True PN
15553, Likely PN
15561, True PN
15558, True PN
15565, True PN
15566, True PN
15563, True PN
15567, True PN
15557, True PN
15570, True PN
15562, True PN
15568, True PN
15572, True PN
15573, True PN
15648, Likely PN
15651, True PN
15583, True PN
15653, Possible PN
15574, Likely PN
15654, True PN
15659, Likely PN
15660, Likely PN
15564, True PN
15650, Possible PN
15655, True PN
15663, True PN
15664, True PN
15661, True PN
15656, True PN
15668, True PN
15667, True PN
15806, True PN
15662, True PN
15807, True PN
15666, True PN
17057, Possible PN
15571, True PN
17066, True PN
17328, True PN
17408, Likely PN
17063, Possible PN
17407, Possible PN
17423, Possible PN
17484, Possible PN
15802, True PN
17485, Possible PN
17410, Possible PN
17440, True PN
17475, Possible PN
17506, Possible PN
17492, Possible PN
17509, Possible PN
17426, Possible PN
17490, Possible PN
17510, Possible PN
17511, Possible PN
17502, Possible PN
17541, True PN
17498, Possible PN
17512, Possible PN
17569, Possible PN
17483, Possible PN
17566, Likely PN
17568, Possible PN
17572, Possible PN
17571, Possible PN
17543, Possible PN
17626, Possible PN
17425, Possible PN
17954, True PN
17570, Possible PN
17979, Possible PN
18013, Possible PN
17542, Likely PN
22850, True PN
17983, Possible PN
17598, Possible PN
23113, Possible PN
22858, True PN
18034, Possible PN
23056, Likely PN
23117, Likely PN
23116, Likely PN
23123, True PN
23119, True PN
22855, True PN
23134, Possible PN
22848, True PN
23137, Possible PN
22849, True PN
23272, True PN
23138, Possible PN
23293, True PN
23312, True PN
23141, Possible PN
23281, True PN
23313, True PN
23140, Possible PN
23274, True PN
23129, Possible PN
23316, Likely PN
23136, Possible PN
23324, True PN
23326, True PN
23317, Possible PN
23328, Possible PN
23325, Likely PN
23329, Possible PN
23335, Possible PN
23330, Possible PN
23323, True PN
23337, Possible PN
23334, True PN
23339, Possible PN
23327, Possible PN
23332, True PN
23333, True PN
23338, Likely PN
23346, Possible PN
23336, True PN
23342, Possible PN
23349, Possible PN
23343, True PN
23350, Possible PN
23348, Possible PN
23341, Possible PN
23347, Possible PN
23353, Possible PN
23351, True PN
23340, Possible PN
23355, Possible PN
23356, True PN
23344, True PN
23359, True PN
23352, True PN
23357, Likely PN
23361, Possible PN
23367, True PN
23363, True PN
23366, Possible PN
23371, True PN
23365, True PN
23370, True PN
23369, Likely PN
23368, True PN
23375, True PN
23354, True PN
23372, True PN
23379, True PN
23380, Possible PN
23383, True PN
23381, Likely PN
23377, True PN
23386, Possible PN
23373, Likely PN
23374, Possible PN
23376, True PN
23382, Likely PN
23390, Likely PN
23389, Possible PN
23395, Likely PN
23394, Possible PN
23387, Likely PN
23385, Likely PN
23397, Likely PN
23399, True PN
23391, Likely PN
23401, Possible PN
23403, Likely PN
23400, True PN
23388, Possible PN
23405, Possible PN
23404, Possible PN
23398, Possible PN
23402, Likely PN
23396, Possible PN
23414, Likely PN
23412, True PN
23406, Possible PN
23415, Possible PN
23413, Possible PN
23409, Likely PN
23392, Possible PN
23416, Possible PN
23417, Possible PN
23410, Possible PN
23418, Possible PN
23423, True PN
23420, True PN
23424, True PN
23427, Likely PN
23425, True PN
23428, Likely PN
23407, True PN
23419, True PN
23434, Possible PN
23429, Possible PN
23421, Possible PN
23435, Likely PN
23430, Likely PN
23426, Possible PN
23439, Possible PN
23436, True PN
23441, True PN
23438, True PN
23431, Possible PN
23442, Likely PN
23445, Possible PN
23437, Possible PN
23446, True PN
23444, Likely PN
23440, True PN
23449, Likely PN
23448, Likely PN
23452, Likely PN
23443, Possible PN
23450, Possible PN
23447, True PN
23453, Possible PN
23455, Likely PN
23459, Likely PN
23457, Likely PN
23458, Likely PN
23456, Likely PN
23432, True PN
23463, True PN
23451, Likely PN
23468, True PN
23454, Likely PN
23464, True PN
23469, True PN
23461, Possible PN
23474, Possible PN
23473, Likely PN
23470, True PN
23475, Possible PN
23477, Possible PN
23471, True PN
23460, Likely PN
23478, True PN
23480, Possible PN
23472, Likely PN
23466, Likely PN
23479, True PN
23484, Likely PN
23476, True PN
23483, Likely PN
23487, Likely PN
23489, Possible PN
23486, Possible PN
23485, Possible PN
23482, Possible PN
23611, Likely PN
23631, Possible PN
23481, Possible PN
23490, Possible PN
23651, True PN
23491, Possible PN
23674, Possible PN
23643, Possible PN
23626, Possible PN
23488, Possible PN
23633, Possible PN
23685, Possible PN
23884, Likely PN
23728, Likely PN
23671, Possible PN
23701, True PN
23715, Possible PN
23885, Possible PN
23892, Possible PN
23893, Possible PN
23894, Possible PN
23890, Possible PN
23887, Possible PN
23889, Possible PN
23895, Possible PN
23907, Possible PN
23906, Possible PN
23898, Possible PN
23903, Possible PN
23904, Possible PN
23908, Possible PN
23886, Possible PN
23910, True PN
23914, Possible PN
23917, Possible PN
23915, Possible PN
23902, True PN
23912, Possible PN
23918, Possible PN
23927, Possible PN
23921, Possible PN
23901, Possible PN
23909, Possible PN
23930, Possible PN
23923, Possible PN
23919, Possible PN
23934, Possible PN
23913, Possible PN
23911, Possible PN
23933, Possible PN
23944, Possible PN
23940, True PN
23936, True PN
23939, Possible PN
23953, Possible PN
23931, Possible PN
23954, Possible PN
23932, Possible PN
23951, Possible PN
24024, Likely PN
24026, Likely PN
23946, Possible PN
24029, Possible PN
23941, Possible PN
24027, Likely PN
24033, Possible PN
24028, Possible PN
23961, True PN
23945, Possible PN
24040, Possible PN
23958, Possible PN
24034, Possible PN
24032, Likely PN
24043, Possible PN
24035, Possible PN
24130, Possible PN
27337, Possible PN
31182, Likely PN
31513, Likely PN
31759, Likely PN
31737, True PN
24025, Possible PN
31188, True PN
24030, Possible PN
31764, Likely PN
31786, True PN
31779, True PN
31765, Possible PN
31771, Likely PN
31751, True PN
31793, True PN
31796, Likely PN
31790, Possible PN
31791, True PN
31775, Likely PN
31812, True PN
31810, True PN
31787, True PN
31813, True PN
31811, True PN
31797, True PN
31815, Likely PN
31820, Possible PN
31821, Possible PN
31822, Possible PN
31798, True PN
31857, Possible PN
31817, Possible PN
31816, Possible PN
31867, Likely PN
31862, Possible PN
31823, True PN
31814, True PN
31841, Possible PN
31819, Likely PN
31889, Likely PN
31868, Possible PN
31876, Possible PN
31864, Possible PN
31891, Possible PN
31888, Possible PN
31877, Possible PN
31912, Likely PN
31916, Likely PN
31913, True PN
31874, True PN
31893, True PN
31919, Likely PN
31917, Likely PN
31918, Likely PN
31914, Likely PN
31899, Likely PN
31915, True PN
31921, Likely PN
31929, True PN
31930, Possible PN
31959, Possible PN
31967, Likely PN
31920, Likely PN
31925, Possible PN
31928, Likely PN
31931, True PN
31969, True PN
31968, Likely PN
31972, True PN
31987, Possible PN
31977, Likely PN
32016, Possible PN
31970, True PN
32010, Likely PN
31923, Possible PN
31971, True PN
32004, True PN
32028, Likely PN
32020, True PN
32012, True PN
32018, True PN
32022, True PN
32032, True PN
32017, True PN
32036, Likely PN
32024, True PN
32039, True PN
32050, True PN
32043, Likely PN
32051, True PN
32033, True PN
32052, Likely PN
32031, True PN
32063, Likely PN
32066, True PN
32042, True PN
32070, Likely PN
32068, True PN
32151, True PN
32158, Likely PN
32131, True PN
32194, True PN
32192, True PN
32204, True PN
32069, Likely PN
32174, Likely PN
32155, True PN
32234, Possible PN
32193, True PN
32249, True PN
32154, True PN
32235, True PN
32251, Likely PN
32232, Possible PN
32250, True PN
32261, Possible PN
32269, True PN
32285, True PN
32283, Likely PN
32284, Possible PN
32230, Likely PN
32286, Likely PN
32280, True PN
32238, Possible PN
32275, Likely PN
32262, True PN
32317, True PN
32290, Likely PN
32309, Likely PN
32322, Likely PN
32311, True PN
32326, True PN
32288, Likely PN
32313, True PN
32332, True PN
32333, True PN
32341, True PN
32346, True PN
32347, True PN
32352, True PN
32340, True PN
32361, Possible PN
32336, Likely PN
32360, Possible PN
32364, True PN
32359, True PN
32354, True PN
32343, Likely PN
32391, True PN
32293, Likely PN
32392, Possible PN
32384, Likely PN
32365, Likely PN
32412, Possible PN
32411, Possible PN
32413, Possible PN
32423, Possible PN
32421, Possible PN
32414, Possible PN
32403, True PN
32422, Possible PN
32367, Possible PN
32428, Possible PN
32404, Possible PN
32425, Likely PN
32356, True PN
32441, Possible PN
32438, Possible PN
32451, Possible PN
32435, Possible PN
32464, Possible PN
32440, Possible PN
32459, Likely PN
32442, Possible PN
32450, Possible PN
32436, Possible PN
32472, Possible PN
32486, Possible PN
32467, Possible PN
32499, True PN
32489, True PN
32463, Possible PN
32496, True PN
32505, Possible PN
32506, True PN
32531, Likely PN
32509, Likely PN
32526, True PN
32493, True PN
32532, Possible PN
32543, True PN
32495, True PN
32539, Likely PN
32544, True PN
32494, True PN
32542, True PN
32537, Possible PN
32547, True PN
32546, Possible PN
32545, True PN
32582, Likely PN
32548, Likely PN
32583, True PN
32580, True PN
32592, Possible PN
32557, Likely PN
32596, True PN
32595, True PN
32611, Likely PN
32713, Likely PN
32594, Likely PN
32714, Possible PN
32610, Likely PN
32602, Likely PN
32727, Possible PN
32719, Possible PN
32724, Likely PN
32722, Possible PN
32600, Likely PN
32728, Likely PN
32737, Possible PN
32591, True PN
32721, Possible PN
32742, Possible PN
32733, Possible PN
32783, Possible PN
32787, Possible PN
32788, Possible PN
32796, True PN
32732, Likely PN
32730, Possible PN
32741, Possible PN
32821, Likely PN
32822, Likely PN
32743, Likely PN
32818, Possible PN
32792, True PN
32830, Likely PN
32824, True PN
32839, True PN
32825, True PN
32826, Possible PN
32864, Possible PN
32870, True PN
32856, True PN
32899, Possible PN
32874, Likely PN
32890, Possible PN
32854, Likely PN
32904, True PN
32911, Likely PN
32925, Possible PN
32865, Possible PN
32912, True PN
32982, Possible PN
32791, Possible PN
32984, Likely PN
32985, Likely PN
32934, True PN
32980, True PN
33001, Likely PN
32817, Likely PN
32996, Likely PN
32983, Possible PN
32998, Possible PN
33145, Possible PN
33153, True PN
32981, Possible PN
33193, Possible PN
33051, Possible PN
33195, Possible PN
33163, Possible PN
32881, Possible PN
33217, Possible PN
33004, Likely PN
33200, Possible PN
33151, Possible PN
33288, Likely PN
33177, Possible PN
33264, Likely PN
33227, Possible PN
33330, Possible PN
33213, True PN
33327, Possible PN
33281, Possible PN
33333, Possible PN
33334, Possible PN
33349, Likely PN
33301, Possible PN
33332, Possible PN
33238, Possible PN
33344, Possible PN
33314, Possible PN
33362, Likely PN
33374, Likely PN
33376, Possible PN
33354, Possible PN
33355, Possible PN
33413, Possible PN
33416, Likely PN
33450, Likely PN
33345, Possible PN
33461, True PN
33358, Likely PN
33460, True PN
33480, Likely PN
33483, True PN
33462, Likely PN
33415, Possible PN
33496, Likely PN
33427, Possible PN
33501, True PN
33507, Possible PN
33504, Possible PN
33503, Likely PN
33487, Likely PN
33519, Likely PN
33511, Possible PN
33545, True PN
33510, True PN
33541, Likely PN
33554, Possible PN
33557, Likely PN
33515, Likely PN
33555, Possible PN
33544, Possible PN
33495, Possible PN
33559, True PN
33558, Likely PN
33565, Likely PN
33546, True PN
33562, Likely PN
33566, Possible PN
33574, True PN
33590, Possible PN
33569, Likely PN
33596, Likely PN
33556, Likely PN
33572, Possible PN
33594, Possible PN
33598, True PN
33570, Possible PN
33561, Likely PN
33571, Likely PN
33634, True PN
33602, True PN
33609, Possible PN
33600, Likely PN
33597, Likely PN
33643, True PN
33603, Likely PN
33635, Possible PN
33680, True PN
33642, Possible PN
33644, Likely PN
33687, True PN
33678, Likely PN
33681, Likely PN
33682, Likely PN
33637, True PN
33694, Likely PN
33688, Possible PN
33701, Possible PN
33705, Possible PN
33702, Possible PN
33700, Likely PN
33707, Likely PN
33690, Possible PN
33711, Possible PN
33697, Possible PN
33730, Likely PN
33703, Likely PN
33732, True PN
33641, True PN
33736, True PN
33774, Possible PN
33773, True PN
33706, Likely PN
33737, True PN
33775, Possible PN
33813, True PN
33766, True PN
33762, True PN
33821, Possible PN
33731, Likely PN
33798, True PN
33779, Likely PN
33733, True PN
33841, True PN
33847, True PN
33829, Possible PN
33849, True PN
33831, True PN
33827, Possible PN
